cluster,track
0,assets/generated_music/cluster_0.wav
1,assets/generated_music/cluster_1.wav
2,assets/generated_music/cluster_2.wav
3,assets/generated_music/cluster_3.wav
4,assets/generated_music/cluster_4.wav
5,assets/generated_music/cluster_5.wav
6,assets/generated_music/cluster_6.wav
7,assets/generated_music/cluster_7.wav
8,assets/generated_music/cluster_8.wav
9,assets/generated_music/cluster_9.wav
10,assets/generated_music/cluster_10.wav
11,assets/generated_music/cluster_11.wav
12,assets/generated_music/cluster_12.wav
13,assets/generated_music/cluster_13.wav
14,assets/generated_music/cluster_14.wav
15,assets/generated_music/cluster_15.wav
16,assets/generated_music/cluster_16.wav
17,assets/generated_music/cluster_17.wav
18,assets/generated_music/cluster_18.wav
19,assets/generated_music/cluster_19.wav
20,assets/generated_music/cluster_20.wav
21,assets/generated_music/cluster_21.wav
22,assets/generated_music/cluster_22.wav
23,assets/generated_music/cluster_23.wav
24,assets/generated_music/cluster_24.wav
25,assets/generated_music/cluster_25.wav
26,assets/generated_music/cluster_26.wav
27,assets/generated_music/cluster_27.wav
28,assets/generated_music/cluster_28.wav
29,assets/generated_music/cluster_29.wav
30,assets/generated_music/cluster_30.wav
31,assets/generated_music/cluster_31.wav
32,assets/generated_music/cluster_32.wav
33,assets/generated_music/cluster_33.wav
34,assets/generated_music/cluster_34.wav
35,assets/generated_music/cluster_35.wav
36,assets/generated_music/cluster_36.wav
37,assets/generated_music/cluster_37.wav
38,assets/generated_music/cluster_38.wav
39,assets/generated_music/cluster_39.wav
40,assets/generated_music/cluster_40.wav
41,assets/generated_music/cluster_41.wav
42,assets/generated_music/cluster_42.wav
43,assets/generated_music/cluster_43.wav
44,assets/generated_music/cluster_44.wav
45,assets/generated_music/cluster_45.wav
46,assets/generated_music/cluster_46.wav
47,assets/generated_music/cluster_47.wav
48,assets/generated_music/cluster_48.wav
49,assets/generated_music/cluster_49.wav
50,assets/generated_music/cluster_50.wav
51,assets/generated_music/cluster_51.wav
52,assets/generated_music/cluster_52.wav
53,assets/generated_music/cluster_53.wav
54,assets/generated_music/cluster_54.wav
55,assets/generated_music/cluster_55.wav
56,assets/generated_music/cluster_56.wav
57,assets/generated_music/cluster_57.wav
58,assets/generated_music/cluster_58.wav
59,assets/generated_music/cluster_59.wav
